link,tag,description,title,status
https://www.dropbox.com/scl/fi/fsggd1d0vpnznu3ntxid0/02c_pix_PS_03_Noisex.jpg?rlkey=8kpd43x0cth3jp9dn5u0q8b7e&st=8bjsrtko&dl=0,Comet,Comet C/2023 A3 (Tsuchinshan?TLAS),Comet C/2023 A3 (Tsuchinshan?TLAS),added
https://www.dropbox.com/scl/fi/pl9usn14yot7pynbyld3m/03_DSS_PS_Pix_02.jpg?rlkey=3nhyvf1ov5bxjtumr0qpy79l8&st=59rs7e33&dl=0,Comet,Comet C/2023 A3 (Tsuchinshan?TLAS),Comet C/2023 A3 (Tsuchinshan?TLAS),added
https://www.dropbox.com/scl/fi/t6dqnbs3kvbmi9ig2xgac/05_meteor-stack-DeNoiseAI-low-light.jpg?rlkey=omf9itkfil01jtn1phvr2yqdy&st=wpeqftlr&dl=0,Meteor,Comet NEOWISE with a long tail visible in the night sky.,Comet NEOWISE ,added
https://www.dropbox.com/scl/fi/lmh4b5m4c10b4nwqeeqi1/06-Stack-DeNoiseAI-low-light.jpg?rlkey=4n8w4xsvo4vpp29ql7844v6bh&st=iz3tnm74&dl=0,Meteor,Geminids,Geminids,added
https://www.dropbox.com/scl/fi/ztgo9zsxdhfm6zjxj4f8d/850_4106.jpg?rlkey=i3qpd5pe2bmno7h6bs0dalif8&st=ihrtsmc8&dl=0,Comet,Comet C/2023 A3 (Tsuchinshan?TLAS),Comet C/2023 A3 (Tsuchinshan?TLAS),added
https://www.dropbox.com/scl/fi/xcfhuzixneca1qsyfeni7/241002_Autosave_Pix_Ps_Crop1.jpg?rlkey=ws8vw4ry58ifoqhn06z3tpgrq&st=ecdnc9hy&dl=0,Comet,Comet C/2023 A3 (Tsuchinshan?TLAS),Comet C/2023 A3 (Tsuchinshan?TLAS),added
https://www.dropbox.com/scl/fi/178gozg8yvcmw4c14wltp/c4s-final.jpg?rlkey=wcbdajbu8pp36kl6yjr3hsny5&st=misebayq&dl=0,Comet,Comet C/2023 A3 (Tsuchinshan?TLAS),Comet C/2023 A3 (Tsuchinshan?TLAS),added
https://www.dropbox.com/scl/fi/dfuswa9i18513noz3ow5r/D500-01-Stack-DeNoiseAI-low-light.jpg?rlkey=lkj6pd82bg985yxn5huurdo3x&st=7nzqogui&dl=0,Meteor,Geminids,Geminids,added
https://www.dropbox.com/scl/fi/cdm5flf8lyjvvy8drtiat/D500-02-Stack-DeNoiseAI-low-light.jpg?rlkey=z5itxku303srgwrxie3qb6tla&st=j5dycpmu&dl=0,Meteor,Geminids,Geminids,added
https://www.dropbox.com/scl/fi/q1ukyz5prr0by7z7yblty/D500-03-Stack-DeNoiseAI-low-light.jpg?rlkey=okgwwd8w6lg6pt8rf0nhukvtv&st=hcb3gqj0&dl=0,Meteor,Geminids,Geminids,added
https://www.dropbox.com/scl/fi/y2a0x2zfgf1oemlbp4tfn/DSC_0042_px_PS.jpg?rlkey=myqrjhyzcia435z7coesk2k4c&st=87tcegmj&dl=0,Comet,Comet C/2023 A3 (Tsuchinshan?TLAS),Comet C/2023 A3 (Tsuchinshan?TLAS),added
https://www.dropbox.com/scl/fi/y7b5dtxfgwj6g0nq5iuoy/DSC_0044_Pix_PS.jpg?rlkey=i4upg6dndmcz1b0yaaycrwebd&st=8qfnx2h0&dl=0,Comet,Comet C/2023 A3 (Tsuchinshan?TLAS),Comet C/2023 A3 (Tsuchinshan?TLAS),added
https://www.dropbox.com/scl/fi/ebuox3kf3j7829ntv7c6k/DSC_0047_02e_crop.jpg?rlkey=y7amyr5z5rgkqu20r8tk9brpb&st=2641p05v&dl=0,Comet,Comet C/2023 A3 (Tsuchinshan?TLAS),Comet C/2023 A3 (Tsuchinshan?TLAS),added
https://www.dropbox.com/scl/fi/kwl3k95ngjob3z9zpd4qr/DSC_0112.jpg?rlkey=6dpxkzecizvclf8vrxmahzc0j&st=9kssyoix&dl=0,Comet,Comet C/2023 A3 (Tsuchinshan?TLAS),Comet C/2023 A3 (Tsuchinshan?TLAS),added
https://www.dropbox.com/scl/fi/jcdyh72ydpthfws6hg30i/G0124844-DeNoiseAI-low-light.jpg?rlkey=y4cpr9xjbuvf295ukx3bqm2c9&st=mki3lzca&dl=0,Meteor,Geminids,Geminids,added
https://www.dropbox.com/scl/fi/wuu7vocxb4spzcj4dssno/Siril_pix_02-PS.jpg?rlkey=ucu5uduzroxwwyqhdlhvmk57b&st=l6ngirm4&dl=0,Comet,Comet C/2023 A3 (Tsuchinshan?TLAS),Comet C/2023 A3 (Tsuchinshan?TLAS),added
https://www.dropbox.com/scl/fi/l4elreie93kn9uc7lj81f/Stack01_PS1.jpg?rlkey=vt635j67rqehg9ra9bgrlx38o&st=9h8z4bzb&dl=0,Comet,Comet C/2023 A3 (Tsuchinshan?TLAS),Comet C/2023 A3 (Tsuchinshan?TLAS),added
https://www.dropbox.com/scl/fi/ma3crmz29kylnohyl99hy/D50_0213_Pix.jpg?rlkey=7gszxrwnllgcge3rzuz3todud&st=hl30xaxe&dl=0,darkskies,darkskies,darkskies,
https://www.dropbox.com/scl/fi/bop2bsr82zfjms9ou7rl8/D50_2786-DeNoiseAI-low-light.jpg?rlkey=5qdpdl7bn75uvgv424wz3g2qk&st=ld5xeg55&dl=0,darkskies,darkskies,darkskies,
https://www.dropbox.com/scl/fi/2jk1v4thxqv29qn25ghwo/D50_5535_pix.jpg?rlkey=6smmb04xof3ua3h9feav7s6gs&st=kq6dijkz&dl=0,darkskies,darkskies,darkskies,
https://www.dropbox.com/scl/fi/p5saagm4wc568lot56zf0/D50_6011_pix_PS1b.jpg?rlkey=9o4vf921zuari7gpnmntur31o&st=ui76lq80&dl=0,darkskies,darkskies,darkskies,
https://www.dropbox.com/scl/fi/kva9qvexf8bd79yt2j6l9/D50_6880_stitch_PS_Final.jpg?rlkey=ky0w0t071wc1cyauqkqk0hl0s&st=06u2d6wi&dl=0,darkskies,darkskies,darkskies,
https://www.dropbox.com/scl/fi/ln8dk3n0mfsn2yk7kalwf/D50_9670_pix2_PSa_BW.jpg?rlkey=u2tp2839nuzw86lyy7jbof5uf&st=5409uin0&dl=0,darkskies,darkskies,darkskies,
https://www.dropbox.com/scl/fi/9a9k0a4ib2lk8h18fo3jw/D50_9670_pix2_PSa.jpg?rlkey=3flwatckmgpc2k9zi3hlb3kjw&st=nmwd8vqq&dl=0,darkskies,darkskies,darkskies,
https://www.dropbox.com/scl/fi/bswxbya93lgkhhtnthphn/ICE_stitch-edit.jpg?rlkey=fzt19z37ycpm0gar39s2foe9f&st=xmr1ia72&dl=0,darkskies,darkskies,darkskies,
